survey id,image,class,x,y,chip name
,/data/raw/3c RGB,3c RGB,1044.7617732193237,203.37591817770195,0000000001.png
